{"cameraMode":{"drawMode":0,"name":"Shaded","section":"Shading Mode"},"sceneLighting":false,"audioPlay":false,"sceneViewState":{"m_AlwaysRefresh":false,"showFog":true,"showSkybox":false,"showFlares":true,"showImageEffects":true,"showParticleSystems":true,"showVisualEffectGraphs":true,"m_FxEnabled":true},"in2DMode":false,"pivot":{"x":15.389963150024414,"y":-1.4440956115722657,"z":15.371782302856446},"rotation":{"x":-0.007671412546187639,"y":0.9791643619537354,"z":-0.19834476709365846,"w":-0.04359368607401848},"size":18.42435073852539,"orthographic":false}