{"cameraMode":{"drawMode":0,"name":"Shaded","section":"Shading Mode"},"sceneLighting":false,"audioPlay":false,"sceneViewState":{"m_AlwaysRefresh":false,"showFog":true,"showSkybox":false,"showFlares":true,"showImageEffects":true,"showParticleSystems":true,"showVisualEffectGraphs":true,"m_FxEnabled":true},"in2DMode":false,"pivot":{"x":0.07256805896759033,"y":2.422579526901245,"z":-0.11084699630737305},"rotation":{"x":-0.1255893111228943,"y":0.7963886260986328,"z":-0.17944680154323579,"w":-0.5637794733047485},"size":3.0543253421783449,"orthographic":false}