{"cameraMode":{"drawMode":0,"name":"Shaded","section":"Shading Mode"},"sceneLighting":false,"audioPlay":false,"sceneViewState":{"m_AlwaysRefresh":false,"showFog":true,"showSkybox":false,"showFlares":true,"showImageEffects":true,"showParticleSystems":true,"showVisualEffectGraphs":true,"m_FxEnabled":true},"in2DMode":false,"pivot":{"x":-0.8199999332427979,"y":0.15999996662139893,"z":-14.600000381469727},"rotation":{"x":-0.33394181728363039,"y":-0.04463030397891998,"z":0.014624831266701222,"w":-0.9414529204368591},"size":2.550112724304199,"orthographic":false}