{"cameraMode":{"drawMode":0,"name":"Shaded","section":"Shading Mode"},"sceneLighting":false,"audioPlay":false,"sceneViewState":{"m_AlwaysRefresh":false,"showFog":true,"showSkybox":false,"showFlares":true,"showImageEffects":true,"showParticleSystems":true,"showVisualEffectGraphs":true,"m_FxEnabled":true},"in2DMode":false,"pivot":{"x":-0.028464078903198243,"y":3.0807857513427736,"z":0.013825297355651856},"rotation":{"x":-0.36213019490242007,"y":0.6298712491989136,"z":-0.42382824420928957,"w":-0.5408801436424255},"size":2.60227632522583,"orthographic":false}