{"cameraMode":{"drawMode":0,"name":"Shaded","section":"Shading Mode"},"sceneLighting":false,"audioPlay":false,"sceneViewState":{"m_AlwaysRefresh":false,"showFog":true,"showSkybox":false,"showFlares":true,"showImageEffects":true,"showParticleSystems":true,"showVisualEffectGraphs":true,"m_FxEnabled":true},"in2DMode":false,"pivot":{"x":0.22945457696914674,"y":0.08762453496456146,"z":-0.45198386907577517},"rotation":{"x":-0.15018975734710694,"y":-0.8055406808853149,"z":0.22775253653526307,"w":-0.5260338187217712},"size":0.6985828876495361,"orthographic":false}